ExposureShare,GLM,XGBoost
0.0,0.0,0.0
0.005,0.00043282818237277954,0.0003693692038563613
0.01,0.001501415370322225,0.002037014061854141
0.015,0.00271690751138788,0.003082602713302947
0.02,0.004849323455502415,0.004201788422328605
0.025,0.006469150510607405,0.005070401202955853
0.03,0.007520472113756131,0.005760335054741376
0.035,0.00905491771895674,0.006383456035214372
0.04,0.011770838791286943,0.007783326208422634
0.045,0.012522943448231207,0.009265052448573018
0.05,0.01699476762840507,0.01260058393884742
0.055,0.017428684762129755,0.014182725806681017
0.06,0.018888925005667943,0.01751815381756407
0.065,0.020703002873389623,0.019023252860798742
0.07,0.02186753770034926,0.020591697732187334
0.075,0.023052214258930732,0.05941719921311911
0.08,0.025684582975978452,0.0628491125690085
0.085,0.026555245035393173,0.06428722369635276
0.09,0.02770431984786649,0.06615287685323717
0.095,0.03231685569122973,0.06803638165577423
0.1,0.033378430457995614,0.07027786132395435
0.105,0.03402264672784621,0.09123814201004324
0.11,0.03735153619513223,0.0975153902518059
0.115,0.04021304406721039,0.09809570773509711
0.12,0.04189070031454648,0.0998982964890882
0.125,0.04517099218468801,0.10159346299679523
0.13,0.047508449471888904,0.10300888602581289
0.135,0.04882806895936656,0.10814336031395348
0.14,0.051848038595089616,0.10968322456429154
0.145,0.05299807470209562,0.11111296643319939
0.15,0.05538587326254002,0.11186737955095807
0.155,0.05857849777917315,0.1130372595236744
0.16,0.05988355858667601,0.1145726722259904
0.165,0.061326616415765395,0.13380891468709002
0.17,0.06382706148111113,0.13726753152852908
0.17500000000000002,0.06966953886354076,0.14010645961715756
0.18,0.07189904586943259,0.1564682138286965
0.185,0.07724394985180959,0.15877271244620553
0.19,0.08002373608344467,0.16314291599569042
0.195,0.08149015511045295,0.16560400020844054
0.2,0.08262985585058696,0.1663369979276764
0.20500000000000002,0.09590469796407686,0.16883289280109431
0.21,0.09816934250946147,0.17226398895992126
0.215,0.10043840282027486,0.17417224950252164
0.22,0.10201005845408646,0.17616703044524357
0.225,0.10351192255747024,0.17739302332678794
0.23,0.10679434010707138,0.17938991059513112
0.23500000000000001,0.10928272450429133,0.18106529803263458
0.24,0.11110291249158798,0.18252149290893915
0.245,0.11354149525575473,0.18614274453807592
0.25,0.11539127096124735,0.1892934734405741
0.255,0.1169928453294689,0.1900301645036936
0.26,0.11975227803521389,0.1911559467821432
0.265,0.12199073842619981,0.1930289643835612
0.27,0.12496134065547457,0.1955468346047317
0.275,0.12863249496486306,0.19813059315237244
0.28,0.1305034763577546,0.20349765332966263
0.28500000000000003,0.1338278320737638,0.2059060879838865
0.29,0.15363970717858322,0.20785098586996992
0.295,0.1922692409355418,0.21169507601643042
0.3,0.1932957535963899,0.21424880619863884
0.305,0.1967853513939198,0.2161793012829147
0.31,0.19885356594291012,0.21872771146389156
0.315,0.20177217703126246,0.22105670080623308
0.32,0.20431667530440764,0.22323655031905917
0.325,0.20803831451541135,0.2246147246355812
0.33,0.21117004189378666,0.22914840241306003
0.335,0.21333443618509476,0.2344739489795758
0.34,0.21692401151531468,0.23662656112672736
0.34500000000000003,0.21958432547060813,0.23849730798411845
0.35000000000000003,0.22131829191458388,0.24063567865914906
0.355,0.22635737464455555,0.2428009007855879
0.36,0.22855495874176615,0.24438430471515704
0.365,0.23133036789185712,0.2474236733519173
0.37,0.23294845579237203,0.24904428537590328
0.375,0.23433716953325742,0.25091607030296964
0.38,0.24091848976988833,0.2526788887478149
0.385,0.24305948321229587,0.25508252352352356
0.39,0.24863659591594753,0.25687006618059377
0.395,0.2509729884292244,0.25973887757008735
0.4,0.2537580424388469,0.26292194233173505
0.405,0.2558585754392387,0.2653031327175901
0.41000000000000003,0.27273122191230315,0.26801037119201854
0.41500000000000004,0.27451059840133113,0.27161405743624883
0.42,0.27550619613406324,0.2751783818607864
0.425,0.27794018588865815,0.2784563033758982
0.43,0.2805558944236994,0.281115848488985
0.435,0.2831755187349607,0.28710332080772805
0.44,0.2857990085333923,0.2935735515658134
0.445,0.28715816488514057,0.29570291082992295
0.45,0.3109836689177733,0.298856740245773
0.455,0.3126421071238844,0.3001054618437229
0.46,0.31538126657279986,0.3050749580678551
0.465,0.3193819858338718,0.3078635864684161
0.47000000000000003,0.3238630380547205,0.31065791800336895
0.47500000000000003,0.3271044265092019,0.31257522945706556
0.48,0.3310307034698181,0.3177586514315064
0.485,0.3338342106594991,0.32058690180088406
0.49,0.33830999993784594,0.3235460565016041
0.495,0.33996680750556885,0.34638016328229954
0.5,0.342648887915638,0.3482584496288021
0.505,0.3469247579111983,0.3509546390186874
0.51,0.34965646877813117,0.35574130746735305
0.515,0.35206414215139364,0.3590103742412766
0.52,0.3568111857299513,0.3618839234395383
0.525,0.3591339518448726,0.36429504354691994
0.53,0.3660214830740464,0.3705583948242794
0.535,0.36911839882465686,0.37393964099519733
0.54,0.3724498056457342,0.3770047015339246
0.545,0.3785018278285398,0.381567748116603
0.55,0.38255008764960907,0.3842754150150536
0.555,0.38507936574835244,0.3856424164586018
0.56,0.38902294117507125,0.3884591690103748
0.5650000000000001,0.39245450250761066,0.3912444812349272
0.5700000000000001,0.394183477763374,0.39452358937819965
0.5750000000000001,0.39608352186077816,0.3987700596214527
0.58,0.39974336453320664,0.40157258714175564
0.585,0.4108875079530822,0.40387668731525317
0.59,0.41391407705952066,0.4063107305255603
0.595,0.41653738504369425,0.4086948676563259
0.6,0.4193769601202929,0.4129355314484983
0.605,0.4227241683411382,0.4190630955211798
0.61,0.42639674768257624,0.4232626528504633
0.615,0.4311216650462312,0.4304222439717447
0.62,0.43398492046279685,0.43678229625676707
0.625,0.4364890820823571,0.4410341174483594
0.63,0.4423136246487822,0.4444832373961255
0.635,0.44609317363505435,0.4463082811780382
0.64,0.4501169243139287,0.44953339725645647
0.645,0.45426090644038003,0.4515846614943056
0.65,0.4563552567889131,0.4542891118277504
0.655,0.4580799487715523,0.4570475503576608
0.66,0.48032544930072507,0.4594340878234669
0.665,0.48562261253400185,0.46192754561215416
0.67,0.48862286015825124,0.46489956560580015
0.675,0.49126646654377953,0.4686317548792354
0.68,0.49375627740924466,0.4712427584868103
0.685,0.49819363424822677,0.47730681039063405
0.6900000000000001,0.5023556923868617,0.4820168828135681
0.6950000000000001,0.5073833633708719,0.4858118279859167
0.7000000000000001,0.5100371668283846,0.4888911918909805
0.705,0.51260814712184,0.49345354893341564
0.71,0.5177427496177616,0.50769265746902
0.715,0.5215651481920598,0.5104003852945889
0.72,0.5247767171740858,0.521281743283693
0.725,0.5288759004608621,0.5417109007029776
0.73,0.5354502202008555,0.5451843695555398
0.735,0.5408176359505035,0.5480380942300335
0.74,0.5474631511265555,0.551712473339203
0.745,0.5523508966973312,0.556701361794693
0.75,0.5597940677715587,0.562208843506038
0.755,0.5627119554712687,0.5672358684691752
0.76,0.5810365831785061,0.5692382111323463
0.765,0.5869330149090024,0.583491901558256
0.77,0.590863453288506,0.5883769760067994
0.775,0.5952323145071947,0.5909789053421407
0.78,0.5979910160875205,0.5944452724998623
0.785,0.6035864900970045,0.5970453981990834
0.79,0.6077053509087873,0.5994537146919274
0.795,0.6138304334102708,0.6038330157239767
0.8,0.620758992767467,0.6091479735441765
0.805,0.6263140430846259,0.6146090848830335
0.81,0.63387253758857,0.619031088088212
0.8150000000000001,0.6391830264529993,0.6243571462491019
0.8200000000000001,0.646526322506831,0.6290407298820457
0.8250000000000001,0.6502451252219951,0.633073498741521
0.8300000000000001,0.6569812177467756,0.6382291398842257
0.835,0.6641572079338425,0.642132488317552
0.84,0.6700241306300575,0.6507358740294367
0.845,0.6764543757908108,0.6597789755441076
0.85,0.6867129744937631,0.6639320957712022
0.855,0.6920939840798455,0.6865197649307644
0.86,0.6973141847575839,0.6904330644151895
0.865,0.7067619179828621,0.6945064764980353
0.87,0.7306702888115741,0.704661176089495
0.875,0.742943019091534,0.71347015919702
0.88,0.751145597373024,0.7183005335464193
0.885,0.757825405812787,0.7249536181915933
0.89,0.7638387837619598,0.7444179737176839
0.895,0.770699520598455,0.7585084655382779
0.9,0.7873676289329101,0.7630580772078296
0.905,0.7915941489297699,0.7721172540224823
0.91,0.8090041155272316,0.7836372665059265
0.915,0.817156909583416,0.7905302595316647
0.92,0.8252730148763343,0.7984586216624228
0.925,0.8402108473069834,0.8045967648104493
0.93,0.8489535124801391,0.8113420176791067
0.935,0.8589967443458352,0.8196200865943246
0.9400000000000001,0.8683330622930847,0.8281488735025089
0.9450000000000001,0.8782734957160512,0.8352412813542818
0.9500000000000001,0.884828247860728,0.8430949106875057
0.9550000000000001,0.892139422750969,0.8532301271404789
0.96,0.9042521622867434,0.8617047701495609
0.965,0.918547375027301,0.8746481619699903
0.97,0.9460929168707652,0.8856899391272994
0.975,0.958346008309603,0.8991863634989595
0.98,0.9659160847686,0.9189930698060235
0.985,0.9752372375537383,0.9352252723187582
0.99,0.9795939636378228,0.95341163415141
0.995,0.9881670300545317,0.9789740955786764
1.0,0.9999999999896146,0.9999999999999937
